Input file,Event Number,Species Code,Call,Start time,End time,Parameter 1,Parameter 2,Parameter 3,Parameter 4,Parameter 5,Parameter 6,Comments,Image,Audio
\\frosty.ucsd.edu\SanctSound_Decimated_4\CI\CI01_08\CI01_08_df24\SanctSound_CI01_08_df24_5s1Hz.ltsa,2/3/2023 11:17,UF,Other,7/9/2021 4:09:47.5,7/9/2021 11:46:48.5,,,,,,,Midshipman,,
\\frosty.ucsd.edu\SanctSound_Decimated_4\CI\CI01_08\CI01_08_df24\SanctSound_CI01_08_df24_5s1Hz.ltsa,2/3/2023 11:17,UF,Other,7/10/2021 3:35:23.5,7/10/2021 4:48:23.5,,,,,,,Bocaccio sunset,,
\\frosty.ucsd.edu\SanctSound_Decimated_4\CI\CI01_08\CI01_08_df24\SanctSound_CI01_08_df24_5s1Hz.ltsa,2/3/2023 11:17,UF,Other,7/10/2021 3:35:23.5,7/10/2021 4:11:08.5,,,,,,,HF sunset,,
\\frosty.ucsd.edu\SanctSound_Decimated_4\CI\CI01_08\CI01_08_df24\SanctSound_CI01_08_df24_5s1Hz.ltsa,2/3/2023 11:17,UF,Other,7/10/2021 4:18:33.5,7/10/2021 11:46:43.5,,,,,,,Midshipman,,
\\frosty.ucsd.edu\SanctSound_Decimated_4\CI\CI01_08\CI01_08_df24\SanctSound_CI01_08_df24_5s1Hz.ltsa,2/3/2023 11:17,UF,Other,7/11/2021 3:18:59.5,7/11/2021 4:15:34.5,,,,,,,Bocaccio sunset,,
\\frosty.ucsd.edu\SanctSound_Decimated_4\CI\CI01_08\CI01_08_df24\SanctSound_CI01_08_df24_5s1Hz.ltsa,2/3/2023 11:17,UF,Other,7/11/2021 3:35:19.5,7/11/2021 4:08:04.5,,,,,,,HF sunset,,
\\frosty.ucsd.edu\SanctSound_Decimated_4\CI\CI01_08\CI01_08_df24\SanctSound_CI01_08_df24_5s1Hz.ltsa,2/3/2023 11:17,UF,Other,7/11/2021 4:08:04.5,7/11/2021 12:01:33.5,,,,,,,Midshipman,,
\\frosty.ucsd.edu\SanctSound_Decimated_4\CI\CI01_08\CI01_08_df24\SanctSound_CI01_08_df24_5s1Hz.ltsa,2/3/2023 11:18,UF,Other,7/10/2021 23:41:44.5,7/11/2021 1:45:29.5,,,,,,,White Seabass,,
\\frosty.ucsd.edu\SanctSound_Decimated_4\CI\CI01_08\CI01_08_df24\SanctSound_CI01_08_df24_5s1Hz.ltsa,2/3/2023 11:18,UF,Other,7/11/2021 22:03:25.5,7/12/2021 5:16:48.5,,,,,,,White Seabass,,
\\frosty.ucsd.edu\SanctSound_Decimated_4\CI\CI01_08\CI01_08_df24\SanctSound_CI01_08_df24_5s1Hz.ltsa,2/3/2023 11:18,UF,Other,7/12/2021 3:25:08.5,7/12/2021 4:39:33.5,,,,,,,Bocaccio sunset,,
\\frosty.ucsd.edu\SanctSound_Decimated_4\CI\CI01_08\CI01_08_df24\SanctSound_CI01_08_df24_5s1Hz.ltsa,2/3/2023 11:18,UF,Other,7/12/2021 3:22:08.5,7/12/2021 4:24:43.5,,,,,,,HF sunset,,
\\frosty.ucsd.edu\SanctSound_Decimated_4\CI\CI01_08\CI01_08_df24\SanctSound_CI01_08_df24_5s1Hz.ltsa,2/3/2023 11:18,UF,Other,7/12/2021 4:02:23.5,7/12/2021 12:07:38.5,,,,,,,Midshipman,,
\\frosty.ucsd.edu\SanctSound_Decimated_4\CI\CI01_08\CI01_08_df24\SanctSound_CI01_08_df24_5s1Hz.ltsa,2/3/2023 11:30,UF,Other,7/13/2021 3:07:04.5,7/13/2021 5:30:00.5,,,,,,,White Seabass,,
\\frosty.ucsd.edu\SanctSound_Decimated_4\CI\CI01_08\CI01_08_df24\SanctSound_CI01_08_df24_5s1Hz.ltsa,2/3/2023 11:30,UF,Other,7/13/2021 3:07:04.5,7/13/2021 4:12:39.5,,,,,,,Bocaccio sunset,,
\\frosty.ucsd.edu\SanctSound_Decimated_4\CI\CI01_08\CI01_08_df24\SanctSound_CI01_08_df24_5s1Hz.ltsa,2/3/2023 11:31,UF,Other,7/13/2021 3:23:29.5,7/13/2021 4:00:44.5,,,,,,,HF sunset,,
\\frosty.ucsd.edu\SanctSound_Decimated_4\CI\CI01_08\CI01_08_df24\SanctSound_CI01_08_df24_5s1Hz.ltsa,2/3/2023 11:31,UF,Other,7/13/2021 3:57:44.5,7/13/2021 12:13:29.5,,,,,,,Midshipman,,
\\frosty.ucsd.edu\SanctSound_Decimated_4\CI\CI01_08\CI01_08_df24\SanctSound_CI01_08_df24_5s1Hz.ltsa,2/3/2023 11:31,UF,Other,7/13/2021 22:16:31.5,7/14/2021 4:07:59.5,,,,,,,White Seabass,,
\\frosty.ucsd.edu\SanctSound_Decimated_4\CI\CI01_08\CI01_08_df24\SanctSound_CI01_08_df24_5s1Hz.ltsa,2/3/2023 11:31,UF,Other,7/14/2021 3:18:49.5,7/14/2021 4:16:54.5,,,,,,,Bocaccio sunset,,
\\frosty.ucsd.edu\SanctSound_Decimated_4\CI\CI01_08\CI01_08_df24\SanctSound_CI01_08_df24_5s1Hz.ltsa,2/3/2023 11:31,UF,Other,7/14/2021 3:15:54.5,7/14/2021 4:04:59.5,,,,,,,HF sunset,,
\\frosty.ucsd.edu\SanctSound_Decimated_4\CI\CI01_08\CI01_08_df24\SanctSound_CI01_08_df24_5s1Hz.ltsa,2/3/2023 11:31,UF,Other,7/14/2021 3:41:09.5,7/14/2021 12:07:21.5,,,,,,,Midshipman,,
\\frosty.ucsd.edu\SanctSound_Decimated_4\CI\CI01_08\CI01_08_df24\SanctSound_CI01_08_df24_5s1Hz.ltsa,2/3/2023 11:32,UF,Other,7/15/2021 3:23:11.5,7/15/2021 4:39:06.5,,,,,,,Bocaccio sunset,,
\\frosty.ucsd.edu\SanctSound_Decimated_4\CI\CI01_08\CI01_08_df24\SanctSound_CI01_08_df24_5s1Hz.ltsa,2/3/2023 11:32,UF,Other,7/15/2021 3:23:11.5,7/15/2021 4:19:46.5,,,,,,,HF sunset,,
\\frosty.ucsd.edu\SanctSound_Decimated_4\CI\CI01_08\CI01_08_df24\SanctSound_CI01_08_df24_5s1Hz.ltsa,2/3/2023 11:32,UF,Other,7/15/2021 4:09:21.5,7/15/2021 12:23:39.5,,,,,,,Midshipman,,
\\frosty.ucsd.edu\SanctSound_Decimated_4\CI\CI01_08\CI01_08_df24\SanctSound_CI01_08_df24_5s1Hz.ltsa,2/3/2023 11:32,UF,Other,7/15/2021 11:21:04.5,7/15/2021 12:35:34.5,,,,,,,Bocaccio sunrise,,
\\frosty.ucsd.edu\SanctSound_Decimated_4\CI\CI01_08\CI01_08_df24\SanctSound_CI01_08_df24_5s1Hz.ltsa,2/3/2023 11:32,UF,Other,7/15/2021 11:09:09.5,7/15/2021 12:44:29.5,,,,,,,HF sunrise,,
\\frosty.ucsd.edu\SanctSound_Decimated_4\CI\CI01_08\CI01_08_df24\SanctSound_CI01_08_df24_5s1Hz.ltsa,2/3/2023 11:32,UF,Other,7/15/2021 12:44:29.5,7/16/2021 2:35:29.5,,,,,,,White Seabass,,
\\frosty.ucsd.edu\SanctSound_Decimated_4\CI\CI01_08\CI01_08_df24\SanctSound_CI01_08_df24_5s1Hz.ltsa,2/3/2023 11:33,UF,Other,7/16/2021 3:17:09.5,7/16/2021 4:39:02.5,,,,,,,Bocaccio sunset,,
\\frosty.ucsd.edu\SanctSound_Decimated_4\CI\CI01_08\CI01_08_df24\SanctSound_CI01_08_df24_5s1Hz.ltsa,2/3/2023 11:33,UF,Other,7/16/2021 3:14:14.5,7/16/2021 4:12:19.5,,,,,,,HF sunset,,
\\frosty.ucsd.edu\SanctSound_Decimated_4\CI\CI01_08\CI01_08_df24\SanctSound_CI01_08_df24_5s1Hz.ltsa,2/3/2023 11:33,UF,Other,7/16/2021 3:43:59.5,7/16/2021 12:14:40.5,,,,,,,Midshipman,,
\\frosty.ucsd.edu\SanctSound_Decimated_4\CI\CI01_08\CI01_08_df24\SanctSound_CI01_08_df24_5s1Hz.ltsa,2/3/2023 11:33,UF,Other,7/16/2021 3:29:04.5,7/16/2021 12:32:35.5,,,,,,,HF,,
\\frosty.ucsd.edu\SanctSound_Decimated_4\CI\CI01_08\CI01_08_df24\SanctSound_CI01_08_df24_5s1Hz.ltsa,2/3/2023 11:33,UF,Other,7/16/2021 23:12:49.5,7/17/2021 2:51:49.5,,,,,,,White Seabass,,
\\frosty.ucsd.edu\SanctSound_Decimated_4\CI\CI01_08\CI01_08_df24\SanctSound_CI01_08_df24_5s1Hz.ltsa,2/3/2023 11:33,UF,Other,7/17/2021 3:24:34.5,7/17/2021 4:28:32.5,,,,,,,Bocaccio sunset,,
\\frosty.ucsd.edu\SanctSound_Decimated_4\CI\CI01_08\CI01_08_df24\SanctSound_CI01_08_df24_5s1Hz.ltsa,2/3/2023 11:33,UF,Other,7/17/2021 3:31:59.5,7/17/2021 4:03:14.5,,,,,,,HF sunset,,
\\frosty.ucsd.edu\SanctSound_Decimated_4\CI\CI01_08\CI01_08_df24\SanctSound_CI01_08_df24_5s1Hz.ltsa,2/3/2023 11:33,UF,Other,7/17/2021 3:51:19.5,7/17/2021 12:11:39.5,,,,,,,Midshipman,,
\\frosty.ucsd.edu\SanctSound_Decimated_4\CI\CI01_08\CI01_08_df24\SanctSound_CI01_08_df24_5s1Hz.ltsa,2/3/2023 11:34,UF,Other,7/17/2021 11:31:34.5,7/17/2021 12:32:39.5,,,,,,,HF sunrise,,
\\frosty.ucsd.edu\SanctSound_Decimated_4\CI\CI01_08\CI01_08_df24\SanctSound_CI01_08_df24_5s1Hz.ltsa,2/3/2023 11:35,UF,Other,7/18/2021 3:15:43.5,7/18/2021 5:10:21.5,,,,,,,Bocaccio sunset,,
\\frosty.ucsd.edu\SanctSound_Decimated_4\CI\CI01_08\CI01_08_df24\SanctSound_CI01_08_df24_5s1Hz.ltsa,2/3/2023 11:35,UF,Other,7/18/2021 3:27:38.5,7/18/2021 4:33:06.5,,,,,,,HF sunset,,
\\frosty.ucsd.edu\SanctSound_Decimated_4\CI\CI01_08\CI01_08_df24\SanctSound_CI01_08_df24_5s1Hz.ltsa,2/3/2023 11:35,UF,Other,7/18/2021 4:01:53.5,7/18/2021 12:19:05.5,,,,,,,Midshipman,,
\\frosty.ucsd.edu\SanctSound_Decimated_4\CI\CI01_08\CI01_08_df24\SanctSound_CI01_08_df24_5s1Hz.ltsa,2/3/2023 11:35,UF,Other,7/18/2021 10:25:55.5,7/18/2021 12:36:55.5,,,,,,,HF sunrise,,
\\frosty.ucsd.edu\SanctSound_Decimated_4\CI\CI01_08\CI01_08_df24\SanctSound_CI01_08_df24_5s1Hz.ltsa,2/3/2023 11:36,UF,Other,7/19/2021 3:19:59.5,7/19/2021 4:28:28.5,,,,,,,Bocaccio sunset,,
\\frosty.ucsd.edu\SanctSound_Decimated_4\CI\CI01_08\CI01_08_df24\SanctSound_CI01_08_df24_5s1Hz.ltsa,2/3/2023 11:36,UF,Other,7/19/2021 3:27:29.5,7/19/2021 4:19:33.5,,,,,,,HF sunset,,
\\frosty.ucsd.edu\SanctSound_Decimated_4\CI\CI01_08\CI01_08_df24\SanctSound_CI01_08_df24_5s1Hz.ltsa,2/3/2023 11:36,UF,Other,7/19/2021 4:09:08.5,7/19/2021 12:08:36.5,,,,,,,Midshipman,,
\\frosty.ucsd.edu\SanctSound_Decimated_4\CI\CI01_08\CI01_08_df24\SanctSound_CI01_08_df24_5s1Hz.ltsa,2/3/2023 11:36,UF,Other,7/19/2021 22:38:26.5,7/20/2021 2:54:36.5,,,,,,,White Seabass,,
\\frosty.ucsd.edu\SanctSound_Decimated_4\CI\CI01_08\CI01_08_df24\SanctSound_CI01_08_df24_5s1Hz.ltsa,2/3/2023 11:36,UF,Other,7/20/2021 3:24:26.5,7/20/2021 4:40:19.5,,,,,,,Bocaccio sunset,,
\\frosty.ucsd.edu\SanctSound_Decimated_4\CI\CI01_08\CI01_08_df24\SanctSound_CI01_08_df24_5s1Hz.ltsa,2/3/2023 11:36,UF,Other,7/20/2021 3:16:56.5,7/20/2021 4:17:59.5,,,,,,,HF sunset,,
\\frosty.ucsd.edu\SanctSound_Decimated_4\CI\CI01_08\CI01_08_df24\SanctSound_CI01_08_df24_5s1Hz.ltsa,2/3/2023 11:36,UF,Other,7/20/2021 3:58:39.5,7/20/2021 12:20:25.5,,,,,,,Midshipman,,
\\frosty.ucsd.edu\SanctSound_Decimated_4\CI\CI01_08\CI01_08_df24\SanctSound_CI01_08_df24_5s1Hz.ltsa,2/3/2023 11:37,UF,Other,7/21/2021 3:24:14.5,7/21/2021 4:50:32.5,,,,,,,Bocaccio sunset,,
\\frosty.ucsd.edu\SanctSound_Decimated_4\CI\CI01_08\CI01_08_df24\SanctSound_CI01_08_df24_5s1Hz.ltsa,2/3/2023 11:37,UF,Other,7/21/2021 3:24:14.5,7/21/2021 4:38:37.5,,,,,,,HF sunset,,
\\frosty.ucsd.edu\SanctSound_Decimated_4\CI\CI01_08\CI01_08_df24\SanctSound_CI01_08_df24_5s1Hz.ltsa,2/3/2023 11:37,UF,Other,7/21/2021 4:04:22.5,7/21/2021 12:32:10.5,,,,,,,Midshipman,,
\\frosty.ucsd.edu\SanctSound_Decimated_4\CI\CI01_08\CI01_08_df24\SanctSound_CI01_08_df24_5s1Hz.ltsa,2/3/2023 11:37,UF,Other,7/22/2021 3:32:57.5,7/22/2021 5:20:12.5,,,,,,,Bocaccio sunset,,
\\frosty.ucsd.edu\SanctSound_Decimated_4\CI\CI01_08\CI01_08_df24\SanctSound_CI01_08_df24_5s1Hz.ltsa,2/3/2023 11:37,UF,Other,7/22/2021 3:31:27.5,7/22/2021 4:53:22.5,,,,,,,HF sunset,,
\\frosty.ucsd.edu\SanctSound_Decimated_4\CI\CI01_08\CI01_08_df24\SanctSound_CI01_08_df24_5s1Hz.ltsa,2/3/2023 11:37,UF,Other,7/22/2021 3:55:17.5,7/22/2021 12:37:56.5,,,,,,,Midshipman,,
\\frosty.ucsd.edu\SanctSound_Decimated_4\CI\CI01_08\CI01_08_df24\SanctSound_CI01_08_df24_5s1Hz.ltsa,2/3/2023 11:37,UF,Other,7/22/2021 23:52:23.5,7/23/2021 2:30:18.5,,,,,,,White Seabass,,
\\frosty.ucsd.edu\SanctSound_Decimated_4\CI\CI01_08\CI01_08_df24\SanctSound_CI01_08_df24_5s1Hz.ltsa,2/3/2023 11:38,UF,Other,7/23/2021 3:22:25.5,7/23/2021 4:48:45.5,,,,,,,Bocaccio sunset,,
\\frosty.ucsd.edu\SanctSound_Decimated_4\CI\CI01_08\CI01_08_df24\SanctSound_CI01_08_df24_5s1Hz.ltsa,2/3/2023 11:38,UF,Other,7/23/2021 3:20:55.5,7/23/2021 4:16:00.5,,,,,,,HF sunset,,
\\frosty.ucsd.edu\SanctSound_Decimated_4\CI\CI01_08\CI01_08_df24\SanctSound_CI01_08_df24_5s1Hz.ltsa,2/3/2023 11:38,UF,Other,7/23/2021 3:35:50.5,7/23/2021 12:42:16.5,,,,,,,Midshipman,,
\\frosty.ucsd.edu\SanctSound_Decimated_4\CI\CI01_08\CI01_08_df24\SanctSound_CI01_08_df24_5s1Hz.ltsa,2/3/2023 11:38,UF,Other,7/23/2021 10:43:06.5,7/23/2021 12:40:46.5,,,,,,,Bocaccio sunrise,,
\\frosty.ucsd.edu\SanctSound_Decimated_4\CI\CI01_08\CI01_08_df24\SanctSound_CI01_08_df24_5s1Hz.ltsa,2/3/2023 11:38,UF,Other,7/23/2021 12:18:26.5,7/23/2021 12:51:11.5,,,,,,,HF sunrise,,
\\frosty.ucsd.edu\SanctSound_Decimated_4\CI\CI01_08\CI01_08_df24\SanctSound_CI01_08_df24_5s1Hz.ltsa,2/3/2023 11:38,UF,Other,7/24/2021 3:14:49.5,7/24/2021 5:06:29.5,,,,,,,Bocaccio sunset,,
\\frosty.ucsd.edu\SanctSound_Decimated_4\CI\CI01_08\CI01_08_df24\SanctSound_CI01_08_df24_5s1Hz.ltsa,2/3/2023 11:38,UF,Other,7/24/2021 3:07:19.5,7/24/2021 4:51:34.5,,,,,,,HF sunset,,
\\frosty.ucsd.edu\SanctSound_Decimated_4\CI\CI01_08\CI01_08_df24\SanctSound_CI01_08_df24_5s1Hz.ltsa,2/3/2023 11:38,UF,Other,7/24/2021 3:40:04.5,7/24/2021 12:12:21.5,,,,,,,Midshipman,,
\\frosty.ucsd.edu\SanctSound_Decimated_4\CI\CI01_08\CI01_08_df24\SanctSound_CI01_08_df24_5s1Hz.ltsa,2/3/2023 11:39,UF,Other,7/25/2021 3:14:39.5,7/25/2021 5:21:14.5,,,,,,,Bocaccio sunset,,
\\frosty.ucsd.edu\SanctSound_Decimated_4\CI\CI01_08\CI01_08_df24\SanctSound_CI01_08_df24_5s1Hz.ltsa,2/3/2023 11:39,UF,Other,7/25/2021 3:08:39.5,7/25/2021 3:59:19.5,,,,,,,HF sunset,,
\\frosty.ucsd.edu\SanctSound_Decimated_4\CI\CI01_08\CI01_08_df24\SanctSound_CI01_08_df24_5s1Hz.ltsa,2/3/2023 11:39,UF,Other,7/25/2021 3:23:34.5,7/25/2021 5:33:04.5,,,,,,,White Seabass,,
\\frosty.ucsd.edu\SanctSound_Decimated_4\CI\CI01_08\CI01_08_df24\SanctSound_CI01_08_df24_5s1Hz.ltsa,2/3/2023 11:39,UF,Other,7/25/2021 3:56:19.5,7/25/2021 12:13:37.5,,,,,,,Midshipman,,
\\frosty.ucsd.edu\SanctSound_Decimated_4\CI\CI01_08\CI01_08_df24\SanctSound_CI01_08_df24_5s1Hz.ltsa,2/3/2023 11:39,UF,Other,7/25/2021 10:54:42.5,7/25/2021 12:59:47.5,,,,,,,Bocaccio sunrise,,
\\frosty.ucsd.edu\SanctSound_Decimated_4\CI\CI01_08\CI01_08_df24\SanctSound_CI01_08_df24_5s1Hz.ltsa,2/3/2023 11:39,UF,Other,7/25/2021 11:33:27.5,7/25/2021 12:59:47.5,,,,,,,HF sunrise,,
\\frosty.ucsd.edu\SanctSound_Decimated_4\CI\CI01_08\CI01_08_df24\SanctSound_CI01_08_df24_5s1Hz.ltsa,2/3/2023 11:39,UF,Other,7/26/2021 3:20:27.5,7/26/2021 4:30:27.5,,,,,,,Bocaccio sunset,,
\\frosty.ucsd.edu\SanctSound_Decimated_4\CI\CI01_08\CI01_08_df24\SanctSound_CI01_08_df24_5s1Hz.ltsa,2/3/2023 11:39,UF,Other,7/26/2021 3:20:27.5,7/26/2021 3:57:42.5,,,,,,,HF sunset,,
\\frosty.ucsd.edu\SanctSound_Decimated_4\CI\CI01_08\CI01_08_df24\SanctSound_CI01_08_df24_5s1Hz.ltsa,2/3/2023 11:40,UF,Other,7/26/2021 3:39:47.5,7/26/2021 9:38:39.5,,,,,,,Midshipman,,
\\frosty.ucsd.edu\SanctSound_Decimated_4\CI\CI01_08\CI01_08_df24\SanctSound_CI01_08_df24_5s1Hz.ltsa,2/3/2023 11:40,UF,Other,7/26/2021 10:54:34.5,7/26/2021 12:44:49.5,,,,,,,Bocaccio sunrise,,
\\frosty.ucsd.edu\SanctSound_Decimated_4\CI\CI01_08\CI01_08_df24\SanctSound_CI01_08_df24_5s1Hz.ltsa,2/3/2023 11:40,UF,Other,7/27/2021 3:50:06.5,7/27/2021 8:24:06.5,,,,,,,Midshipman,,
\\frosty.ucsd.edu\SanctSound_Decimated_4\CI\CI01_08\CI01_08_df24\SanctSound_CI01_08_df24_5s1Hz.ltsa,2/3/2023 11:40,UF,Other,7/27/2021 3:23:21.5,7/27/2021 3:47:11.5,,,,,,,HF sunset,,
\\frosty.ucsd.edu\SanctSound_Decimated_4\CI\CI01_08\CI01_08_df24\SanctSound_CI01_08_df24_5s1Hz.ltsa,2/3/2023 11:40,UF,Other,7/28/2021 4:04:48.5,7/28/2021 7:36:18.5,,,,,,,Midshipman,,
\\frosty.ucsd.edu\SanctSound_Decimated_4\CI\CI01_08\CI01_08_df24\SanctSound_CI01_08_df24_5s1Hz.ltsa,2/3/2023 11:41,UF,Other,7/29/2021 3:39:19.5,7/29/2021 8:56:30.5,,,,,,,Midshipman,,
\\frosty.ucsd.edu\SanctSound_Decimated_4\CI\CI01_08\CI01_08_df24\SanctSound_CI01_08_df24_5s1Hz.ltsa,2/3/2023 11:41,UF,Other,7/30/2021 3:43:38.5,7/30/2021 9:58:51.5,,,,,,,Midshipman,,
\\frosty.ucsd.edu\SanctSound_Decimated_4\CI\CI01_08\CI01_08_df24\SanctSound_CI01_08_df24_5s1Hz.ltsa,2/3/2023 11:41,UF,Other,7/31/2021 3:58:25.5,7/31/2021 11:25:06.5,,,,,,,Midshipman,,
\\frosty.ucsd.edu\SanctSound_Decimated_4\CI\CI01_08\CI01_08_df24\SanctSound_CI01_08_df24_5s1Hz.ltsa,2/3/2023 11:41,UF,Other,7/31/2021 23:10:52.5,8/1/2021 1:45:47.5,,,,,,,White Seabass,,
\\frosty.ucsd.edu\SanctSound_Decimated_4\CI\CI01_08\CI01_08_df24\SanctSound_CI01_08_df24_5s1Hz.ltsa,2/3/2023 11:42,UF,Other,8/1/2021 3:18:04.5,8/1/2021 4:28:04.5,,,,,,,Bocaccio sunset,,
\\frosty.ucsd.edu\SanctSound_Decimated_4\CI\CI01_08\CI01_08_df24\SanctSound_CI01_08_df24_5s1Hz.ltsa,2/3/2023 11:42,UF,Other,8/1/2021 3:19:34.5,8/1/2021 3:50:49.5,,,,,,,HF sunset,,
\\frosty.ucsd.edu\SanctSound_Decimated_4\CI\CI01_08\CI01_08_df24\SanctSound_CI01_08_df24_5s1Hz.ltsa,2/3/2023 11:42,UF,Other,8/1/2021 3:46:24.5,8/1/2021 11:32:28.5,,,,,,,Midshipman,,
\\frosty.ucsd.edu\SanctSound_Decimated_4\CI\CI01_08\CI01_08_df24\SanctSound_CI01_08_df24_5s1Hz.ltsa,2/3/2023 11:42,UF,Other,8/1/2021 12:00:43.5,8/1/2021 12:48:23.5,,,,,,,HF sunrise,,
\\frosty.ucsd.edu\SanctSound_Decimated_4\CI\CI01_08\CI01_08_df24\SanctSound_CI01_08_df24_5s1Hz.ltsa,2/3/2023 11:42,UF,Other,8/2/2021 3:17:57.5,8/2/2021 4:35:22.5,,,,,,,Bocaccio sunset,,
\\frosty.ucsd.edu\SanctSound_Decimated_4\CI\CI01_08\CI01_08_df24\SanctSound_CI01_08_df24_5s1Hz.ltsa,2/3/2023 11:42,UF,Other,8/2/2021 3:07:32.5,8/2/2021 4:08:37.5,,,,,,,HF sunset,,
\\frosty.ucsd.edu\SanctSound_Decimated_4\CI\CI01_08\CI01_08_df24\SanctSound_CI01_08_df24_5s1Hz.ltsa,2/3/2023 11:42,UF,Other,8/2/2021 3:46:17.5,8/2/2021 12:14:00.5,,,,,,,Midshipman,,
\\frosty.ucsd.edu\SanctSound_Decimated_4\CI\CI01_08\CI01_08_df24\SanctSound_CI01_08_df24_5s1Hz.ltsa,2/3/2023 11:42,UF,Other,8/2/2021 12:03:35.5,8/2/2021 12:37:50.5,,,,,,,HF sunrise,,
\\frosty.ucsd.edu\SanctSound_Decimated_4\CI\CI01_08\CI01_08_df24\SanctSound_CI01_08_df24_5s1Hz.ltsa,2/3/2023 11:43,UF,Other,8/3/2021 3:05:58.5,8/3/2021 4:17:28.5,,,,,,,Bocaccio sunset,,
\\frosty.ucsd.edu\SanctSound_Decimated_4\CI\CI01_08\CI01_08_df24\SanctSound_CI01_08_df24_5s1Hz.ltsa,2/3/2023 11:43,UF,Other,8/3/2021 3:11:58.5,8/3/2021 3:50:38.5,,,,,,,HF sunset,,
\\frosty.ucsd.edu\SanctSound_Decimated_4\CI\CI01_08\CI01_08_df24\SanctSound_CI01_08_df24_5s1Hz.ltsa,2/3/2023 11:43,UF,Other,8/3/2021 3:38:43.5,8/3/2021 12:18:26.5,,,,,,,Midshipman,,
\\frosty.ucsd.edu\SanctSound_Decimated_4\CI\CI01_08\CI01_08_df24\SanctSound_CI01_08_df24_5s1Hz.ltsa,2/3/2023 11:44,UF,Other,8/4/2021 3:26:36.5,8/4/2021 12:07:48.5,,,,,,,Midshipman,,
\\frosty.ucsd.edu\SanctSound_Decimated_4\CI\CI01_08\CI01_08_df24\SanctSound_CI01_08_df24_5s1Hz.ltsa,2/3/2023 11:44,UF,Other,8/4/2021 3:14:41.5,8/4/2021 4:27:41.5,,,,,,,Bocaccio sunset,,
\\frosty.ucsd.edu\SanctSound_Decimated_4\CI\CI01_08\CI01_08_df24\SanctSound_CI01_08_df24_5s1Hz.ltsa,2/3/2023 11:44,UF,Other,8/4/2021 3:16:11.5,8/4/2021 4:06:51.5,,,,,,,HF sunset,,
\\frosty.ucsd.edu\SanctSound_Decimated_4\CI\CI01_08\CI01_08_df24\SanctSound_CI01_08_df24_5s1Hz.ltsa,2/3/2023 11:44,UF,Other,8/4/2021 11:48:23.5,8/4/2021 12:42:03.5,,,,,,,HF sunrise,,
\\frosty.ucsd.edu\SanctSound_Decimated_4\CI\CI01_08\CI01_08_df24\SanctSound_CI01_08_df24_5s1Hz.ltsa,2/3/2023 11:44,UF,Other,8/5/2021 3:13:10.5,8/5/2021 4:24:35.5,,,,,,,Bocaccio sunset,,
\\frosty.ucsd.edu\SanctSound_Decimated_4\CI\CI01_08\CI01_08_df24\SanctSound_CI01_08_df24_5s1Hz.ltsa,2/3/2023 11:44,UF,Other,8/5/2021 3:08:40.5,8/5/2021 4:26:05.5,,,,,,,HF sunset,,
\\frosty.ucsd.edu\SanctSound_Decimated_4\CI\CI01_08\CI01_08_df24\SanctSound_CI01_08_df24_5s1Hz.ltsa,2/3/2023 11:44,UF,Other,8/5/2021 3:59:20.5,8/5/2021 12:21:07.5,,,,,,,Midshipman,,
\\frosty.ucsd.edu\SanctSound_Decimated_4\CI\CI01_08\CI01_08_df24\SanctSound_CI01_08_df24_5s1Hz.ltsa,2/3/2023 11:44,UF,Other,8/6/2021 3:13:05.5,8/6/2021 4:20:05.5,,,,,,,Bocaccio sunset,,
\\frosty.ucsd.edu\SanctSound_Decimated_4\CI\CI01_08\CI01_08_df24\SanctSound_CI01_08_df24_5s1Hz.ltsa,2/3/2023 11:45,UF,Other,8/6/2021 3:05:35.5,8/6/2021 3:57:45.5,,,,,,,HF sunset,,
\\frosty.ucsd.edu\SanctSound_Decimated_4\CI\CI01_08\CI01_08_df24\SanctSound_CI01_08_df24_5s1Hz.ltsa,2/3/2023 11:45,UF,Other,8/6/2021 3:50:15.5,8/6/2021 12:07:38.5,,,,,,,Midshipman,,
\\frosty.ucsd.edu\SanctSound_Decimated_4\CI\CI01_08\CI01_08_df24\SanctSound_CI01_08_df24_5s1Hz.ltsa,2/3/2023 11:45,UF,Other,8/7/2021 2:58:07.5,8/7/2021 4:48:17.5,,,,,,,Bocaccio sunset,,
\\frosty.ucsd.edu\SanctSound_Decimated_4\CI\CI01_08\CI01_08_df24\SanctSound_CI01_08_df24_5s1Hz.ltsa,2/3/2023 11:45,UF,Other,8/7/2021 2:56:37.5,8/7/2021 3:50:12.5,,,,,,,HF sunset,,
\\frosty.ucsd.edu\SanctSound_Decimated_4\CI\CI01_08\CI01_08_df24\SanctSound_CI01_08_df24_5s1Hz.ltsa,2/3/2023 11:45,UF,Other,8/7/2021 3:56:12.5,8/7/2021 12:11:59.5,,,,,,,Midshipman,,
\\frosty.ucsd.edu\SanctSound_Decimated_4\CI\CI01_08\CI01_08_df24\SanctSound_CI01_08_df24_5s1Hz.ltsa,2/3/2023 11:45,UF,Other,8/7/2021 11:43:44.5,8/7/2021 12:41:49.5,,,,,,,HF sunrise,,
\\frosty.ucsd.edu\SanctSound_Decimated_4\CI\CI01_08\CI01_08_df24\SanctSound_CI01_08_df24_5s1Hz.ltsa,2/3/2023 11:45,UF,Other,8/8/2021 3:03:59.5,8/8/2021 4:08:04.5,,,,,,,Bocaccio sunset,,
\\frosty.ucsd.edu\SanctSound_Decimated_4\CI\CI01_08\CI01_08_df24\SanctSound_CI01_08_df24_5s1Hz.ltsa,2/3/2023 11:45,UF,Other,8/8/2021 3:14:24.5,8/8/2021 3:56:09.5,,,,,,,HF sunset,,
\\frosty.ucsd.edu\SanctSound_Decimated_4\CI\CI01_08\CI01_08_df24\SanctSound_CI01_08_df24_5s1Hz.ltsa,2/3/2023 11:45,UF,Other,8/8/2021 3:45:44.5,8/8/2021 12:01:32.5,,,,,,,Midshipman,,
\\frosty.ucsd.edu\SanctSound_Decimated_4\CI\CI01_08\CI01_08_df24\SanctSound_CI01_08_df24_5s1Hz.ltsa,2/3/2023 11:46,UF,Other,8/8/2021 12:13:27.5,8/8/2021 12:41:47.5,,,,,,,HF sunrise,,
\\frosty.ucsd.edu\SanctSound_Decimated_4\CI\CI01_08\CI01_08_df24\SanctSound_CI01_08_df24_5s1Hz.ltsa,2/3/2023 11:46,UF,Other,8/9/2021 2:53:30.5,8/9/2021 4:03:30.5,,,,,,,Bocaccio sunset,,
\\frosty.ucsd.edu\SanctSound_Decimated_4\CI\CI01_08\CI01_08_df24\SanctSound_CI01_08_df24_5s1Hz.ltsa,2/3/2023 11:46,UF,Other,8/9/2021 2:59:30.5,8/9/2021 3:41:10.5,,,,,,,HF sunset,,
\\frosty.ucsd.edu\SanctSound_Decimated_4\CI\CI01_08\CI01_08_df24\SanctSound_CI01_08_df24_5s1Hz.ltsa,2/3/2023 11:46,UF,Other,8/9/2021 3:38:10.5,8/9/2021 12:16:23.5,,,,,,,Midshipman,,
\\frosty.ucsd.edu\SanctSound_Decimated_4\CI\CI01_08\CI01_08_df24\SanctSound_CI01_08_df24_5s1Hz.ltsa,2/3/2023 11:46,UF,Other,8/9/2021 10:42:33.5,8/9/2021 12:50:38.5,,,,,,,HF sunrise,,
\\frosty.ucsd.edu\SanctSound_Decimated_4\CI\CI01_08\CI01_08_df24\SanctSound_CI01_08_df24_5s1Hz.ltsa,2/3/2023 11:46,UF,Other,8/9/2021 11:30:18.5,8/9/2021 12:46:13.5,,,,,,,Bocaccio sunrise,,
\\frosty.ucsd.edu\SanctSound_Decimated_4\CI\CI01_08\CI01_08_df24\SanctSound_CI01_08_df24_5s1Hz.ltsa,2/3/2023 11:47,UF,Other,8/10/2021 2:56:31.5,8/10/2021 4:00:31.5,,,,,,,Bocaccio sunset,,
\\frosty.ucsd.edu\SanctSound_Decimated_4\CI\CI01_08\CI01_08_df24\SanctSound_CI01_08_df24_5s1Hz.ltsa,2/3/2023 11:47,UF,Other,8/10/2021 2:56:31.5,8/10/2021 3:41:11.5,,,,,,,HF sunset,,
\\frosty.ucsd.edu\SanctSound_Decimated_4\CI\CI01_08\CI01_08_df24\SanctSound_CI01_08_df24_5s1Hz.ltsa,2/3/2023 11:47,UF,Other,8/10/2021 3:41:11.5,8/10/2021 12:13:23.5,,,,,,,Midshipman,,
\\frosty.ucsd.edu\SanctSound_Decimated_4\CI\CI01_08\CI01_08_df24\SanctSound_CI01_08_df24_5s1Hz.ltsa,2/3/2023 11:47,UF,Other,8/10/2021 11:21:18.5,8/10/2021 12:50:38.5,,,,,,,HF sunrise,,
\\frosty.ucsd.edu\SanctSound_Decimated_4\CI\CI01_08\CI01_08_df24\SanctSound_CI01_08_df24_5s1Hz.ltsa,2/3/2023 11:47,UF,Other,8/11/2021 2:51:51.5,8/11/2021 3:57:26.5,,,,,,,Bocaccio sunset,,
\\frosty.ucsd.edu\SanctSound_Decimated_4\CI\CI01_08\CI01_08_df24\SanctSound_CI01_08_df24_5s1Hz.ltsa,2/3/2023 11:47,UF,Other,8/11/2021 3:02:16.5,8/11/2021 3:41:01.5,,,,,,,HF sunset,,
\\frosty.ucsd.edu\SanctSound_Decimated_4\CI\CI01_08\CI01_08_df24\SanctSound_CI01_08_df24_5s1Hz.ltsa,2/3/2023 11:47,UF,Other,8/11/2021 3:35:06.5,8/11/2021 12:40:04.5,,,,,,,Midshipman,,
\\frosty.ucsd.edu\SanctSound_Decimated_4\CI\CI01_08\CI01_08_df24\SanctSound_CI01_08_df24_5s1Hz.ltsa,2/3/2023 11:47,UF,Other,8/11/2021 12:17:44.5,8/11/2021 12:48:59.5,,,,,,,HF sunrise,,
\\frosty.ucsd.edu\SanctSound_Decimated_4\CI\CI01_08\CI01_08_df24\SanctSound_CI01_08_df24_5s1Hz.ltsa,2/3/2023 11:48,UF,Other,8/12/2021 2:51:47.5,8/12/2021 4:06:17.5,,,,,,,Bocaccio sunset,,
\\frosty.ucsd.edu\SanctSound_Decimated_4\CI\CI01_08\CI01_08_df24\SanctSound_CI01_08_df24_5s1Hz.ltsa,2/3/2023 11:48,UF,Other,8/12/2021 2:59:17.5,8/12/2021 3:37:57.5,,,,,,,HF sunset,,
\\frosty.ucsd.edu\SanctSound_Decimated_4\CI\CI01_08\CI01_08_df24\SanctSound_CI01_08_df24_5s1Hz.ltsa,2/3/2023 11:48,UF,Other,8/12/2021 3:36:27.5,8/12/2021 12:19:10.5,,,,,,,Midshipman,,
\\frosty.ucsd.edu\SanctSound_Decimated_4\CI\CI01_08\CI01_08_df24\SanctSound_CI01_08_df24_5s1Hz.ltsa,2/3/2023 11:48,UF,Other,8/12/2021 11:21:05.5,8/12/2021 12:51:55.5,,,,,,,HF sunrise,,
\\frosty.ucsd.edu\SanctSound_Decimated_4\CI\CI01_08\CI01_08_df24\SanctSound_CI01_08_df24_5s1Hz.ltsa,2/3/2023 11:48,UF,Other,8/13/2021 2:51:38.5,8/13/2021 4:04:38.5,,,,,,,Bocaccio sunset,,
\\frosty.ucsd.edu\SanctSound_Decimated_4\CI\CI01_08\CI01_08_df24\SanctSound_CI01_08_df24_5s1Hz.ltsa,2/3/2023 11:48,UF,Other,8/13/2021 2:48:43.5,8/13/2021 3:37:48.5,,,,,,,HF sunset,,
\\frosty.ucsd.edu\SanctSound_Decimated_4\CI\CI01_08\CI01_08_df24\SanctSound_CI01_08_df24_5s1Hz.ltsa,2/3/2023 11:48,UF,Other,8/13/2021 3:43:48.5,8/13/2021 12:27:53.5,,,,,,,Midhsipman,,
\\frosty.ucsd.edu\SanctSound_Decimated_4\CI\CI01_08\CI01_08_df24\SanctSound_CI01_08_df24_5s1Hz.ltsa,2/3/2023 11:48,UF,Other,8/13/2021 11:46:13.5,8/13/2021 12:48:43.5,,,,,,,HF sunrise,,
\\frosty.ucsd.edu\SanctSound_Decimated_4\CI\CI01_08\CI01_08_df24\SanctSound_CI01_08_df24_5s1Hz.ltsa,2/3/2023 11:48,UF,Other,8/13/2021 11:55:08.5,8/13/2021 12:56:13.5,,,,,,,Bocaccio sunrise,,
\\frosty.ucsd.edu\SanctSound_Decimated_4\CI\CI01_08\CI01_08_df24\SanctSound_CI01_08_df24_5s1Hz.ltsa,2/3/2023 11:49,UF,Other,8/13/2021 2:50:13.5,8/13/2021 12:47:13.5,,,,,,,HF,,
\\frosty.ucsd.edu\SanctSound_Decimated_4\CI\CI01_08\CI01_08_df24\SanctSound_CI01_08_df24_5s1Hz.ltsa,2/3/2023 11:49,UF,Other,8/14/2021 2:57:30.5,8/14/2021 4:23:50.5,,,,,,,Bocaccio sunset,,
\\frosty.ucsd.edu\SanctSound_Decimated_4\CI\CI01_08\CI01_08_df24\SanctSound_CI01_08_df24_5s1Hz.ltsa,2/3/2023 11:49,UF,Other,8/14/2021 3:00:30.5,8/14/2021 3:48:05.5,,,,,,,HF sunset,,
\\frosty.ucsd.edu\SanctSound_Decimated_4\CI\CI01_08\CI01_08_df24\SanctSound_CI01_08_df24_5s1Hz.ltsa,2/3/2023 11:49,UF,Other,8/14/2021 3:37:40.5,8/14/2021 12:24:48.5,,,,,,,Midshipman,,
\\frosty.ucsd.edu\SanctSound_Decimated_4\CI\CI01_08\CI01_08_df24\SanctSound_CI01_08_df24_5s1Hz.ltsa,2/3/2023 11:49,UF,Other,8/14/2021 12:09:58.5,8/14/2021 13:05:03.5,,,,,,,HF sunrise,,
\\frosty.ucsd.edu\SanctSound_Decimated_4\CI\CI01_08\CI01_08_df24\SanctSound_CI01_08_df24_5s1Hz.ltsa,2/3/2023 11:49,UF,Other,8/14/2021 3:00:30.5,8/14/2021 12:59:03.5,,,,,,,HF,,
\\frosty.ucsd.edu\SanctSound_Decimated_4\CI\CI01_08\CI01_08_df24\SanctSound_CI01_08_df24_5s1Hz.ltsa,2/3/2023 11:52,UF,Other,8/15/2021 3:03:18.5,8/15/2021 4:13:18.5,,,,,,,Bocaccio sunset,,
\\frosty.ucsd.edu\SanctSound_Decimated_4\CI\CI01_08\CI01_08_df24\SanctSound_CI01_08_df24_5s1Hz.ltsa,2/3/2023 11:52,UF,Other,8/15/2021 2:58:53.5,8/15/2021 3:47:58.5,,,,,,,HF sunset,,
\\frosty.ucsd.edu\SanctSound_Decimated_4\CI\CI01_08\CI01_08_df24\SanctSound_CI01_08_df24_5s1Hz.ltsa,2/3/2023 11:52,UF,Other,8/15/2021 3:36:03.5,8/15/2021 12:27:41.5,,,,,,,Midshipman,,
\\frosty.ucsd.edu\SanctSound_Decimated_4\CI\CI01_08\CI01_08_df24\SanctSound_CI01_08_df24_5s1Hz.ltsa,2/3/2023 11:53,UF,Other,8/16/2021 3:03:07.5,8/16/2021 4:32:32.5,,,,,,,Bocaccio sunset,,
\\frosty.ucsd.edu\SanctSound_Decimated_4\CI\CI01_08\CI01_08_df24\SanctSound_CI01_08_df24_5s1Hz.ltsa,2/3/2023 11:53,UF,Other,8/16/2021 2:57:12.5,8/16/2021 3:59:42.5,,,,,,,HF sunset,,
\\frosty.ucsd.edu\SanctSound_Decimated_4\CI\CI01_08\CI01_08_df24\SanctSound_CI01_08_df24_5s1Hz.ltsa,2/3/2023 11:53,UF,Other,8/16/2021 3:44:52.5,8/16/2021 12:43:55.5,,,,,,,Midshipman,,
\\frosty.ucsd.edu\SanctSound_Decimated_4\CI\CI01_08\CI01_08_df24\SanctSound_CI01_08_df24_5s1Hz.ltsa,2/3/2023 11:53,UF,Other,8/16/2021 11:30:55.5,8/16/2021 12:57:15.5,,,,,,,HF sunrise,,
\\frosty.ucsd.edu\SanctSound_Decimated_4\CI\CI01_08\CI01_08_df24\SanctSound_CI01_08_df24_5s1Hz.ltsa,2/3/2023 11:53,UF,Other,8/16/2021 11:41:20.5,8/16/2021 12:51:20.5,,,,,,,Bocaccio sunrise,,
\\frosty.ucsd.edu\SanctSound_Decimated_4\CI\CI01_08\CI01_08_df24\SanctSound_CI01_08_df24_5s1Hz.ltsa,2/3/2023 11:53,UF,Other,8/17/2021 2:43:35.5,8/17/2021 4:14:25.5,,,,,,,Bocaccio sunset,,
\\frosty.ucsd.edu\SanctSound_Decimated_4\CI\CI01_08\CI01_08_df24\SanctSound_CI01_08_df24_5s1Hz.ltsa,2/3/2023 11:53,UF,Other,8/17/2021 2:49:35.5,8/17/2021 3:37:10.5,,,,,,,HF sunset,,
\\frosty.ucsd.edu\SanctSound_Decimated_4\CI\CI01_08\CI01_08_df24\SanctSound_CI01_08_df24_5s1Hz.ltsa,2/3/2023 11:53,UF,Other,8/17/2021 3:37:10.5,8/17/2021 12:45:08.5,,,,,,,Midshipman,,
\\frosty.ucsd.edu\SanctSound_Decimated_4\CI\CI01_08\CI01_08_df24\SanctSound_CI01_08_df24_5s1Hz.ltsa,2/3/2023 11:53,UF,Other,8/17/2021 11:35:13.5,8/17/2021 13:04:33.5,,,,,,,Bocaccio sunrise,,
\\frosty.ucsd.edu\SanctSound_Decimated_4\CI\CI01_08\CI01_08_df24\SanctSound_CI01_08_df24_5s1Hz.ltsa,2/3/2023 11:53,UF,Other,8/17/2021 11:44:08.5,8/17/2021 13:00:03.5,,,,,,,HF sunrise,,
\\frosty.ucsd.edu\SanctSound_Decimated_4\CI\CI01_08\CI01_08_df24\SanctSound_CI01_08_df24_5s1Hz.ltsa,2/3/2023 11:54,UF,Other,8/18/2021 2:44:53.5,8/18/2021 3:50:23.5,,,,,,,Bocaccio sunset,,
\\frosty.ucsd.edu\SanctSound_Decimated_4\CI\CI01_08\CI01_08_df24\SanctSound_CI01_08_df24_5s1Hz.ltsa,2/3/2023 11:54,UF,Other,8/18/2021 2:56:48.5,8/18/2021 3:36:58.5,,,,,,,HF sunset,,
\\frosty.ucsd.edu\SanctSound_Decimated_4\CI\CI01_08\CI01_08_df24\SanctSound_CI01_08_df24_5s1Hz.ltsa,2/3/2023 11:54,UF,Other,8/18/2021 3:28:03.5,8/18/2021 12:34:29.5,,,,,,,Midshipman,,
\\frosty.ucsd.edu\SanctSound_Decimated_4\CI\CI01_08\CI01_08_df24\SanctSound_CI01_08_df24_5s1Hz.ltsa,2/3/2023 11:54,UF,Other,8/18/2021 11:52:49.5,8/18/2021 12:59:49.5,,,,,,,Bocaccio sunrise,,
\\frosty.ucsd.edu\SanctSound_Decimated_4\CI\CI01_08\CI01_08_df24\SanctSound_CI01_08_df24_5s1Hz.ltsa,2/3/2023 11:54,UF,Other,8/18/2021 11:15:34.5,8/18/2021 12:58:19.5,,,,,,,HF sunrise,,
\\frosty.ucsd.edu\SanctSound_Decimated_4\CI\CI01_08\CI01_08_df24\SanctSound_CI01_08_df24_5s1Hz.ltsa,2/3/2023 11:54,UF,Other,8/19/2021 2:56:36.5,8/19/2021 4:25:56.5,,,,,,,Bocaccio sunset,,
\\frosty.ucsd.edu\SanctSound_Decimated_4\CI\CI01_08\CI01_08_df24\SanctSound_CI01_08_df24_5s1Hz.ltsa,2/3/2023 11:54,UF,Other,8/19/2021 3:02:31.5,8/19/2021 3:50:11.5,,,,,,,HF sunset,,
\\frosty.ucsd.edu\SanctSound_Decimated_4\CI\CI01_08\CI01_08_df24\SanctSound_CI01_08_df24_5s1Hz.ltsa,2/3/2023 11:54,UF,Other,8/19/2021 3:15:56.5,8/19/2021 12:40:19.5,,,,,,,Midshipman,,
\\frosty.ucsd.edu\SanctSound_Decimated_4\CI\CI01_08\CI01_08_df24\SanctSound_CI01_08_df24_5s1Hz.ltsa,2/3/2023 11:54,UF,Other,8/19/2021 10:18:49.5,8/19/2021 12:58:09.5,,,,,,,HF sunrise,,
\\frosty.ucsd.edu\SanctSound_Decimated_4\CI\CI01_08\CI01_08_df24\SanctSound_CI01_08_df24_5s1Hz.ltsa,2/3/2023 11:55,UF,Other,8/20/2021 2:44:38.5,8/20/2021 4:03:33.5,,,,,,,Bocaccio sunset,,
\\frosty.ucsd.edu\SanctSound_Decimated_4\CI\CI01_08\CI01_08_df24\SanctSound_CI01_08_df24_5s1Hz.ltsa,2/3/2023 11:55,UF,Other,8/20/2021 2:47:38.5,8/20/2021 3:30:48.5,,,,,,,HF sunset,,
\\frosty.ucsd.edu\SanctSound_Decimated_4\CI\CI01_08\CI01_08_df24\SanctSound_CI01_08_df24_5s1Hz.ltsa,2/3/2023 11:55,UF,Other,8/20/2021 3:05:28.5,8/20/2021 5:40:23.5,,,,,,,Midshipman,,
\\frosty.ucsd.edu\SanctSound_Decimated_4\CI\CI01_08\CI01_08_df24\SanctSound_CI01_08_df24_5s1Hz.ltsa,2/3/2023 11:55,UF,Other,8/20/2021 8:28:35.5,8/20/2021 12:29:50.5,,,,,,,Midshipman,,
\\frosty.ucsd.edu\SanctSound_Decimated_4\CI\CI01_08\CI01_08_df24\SanctSound_CI01_08_df24_5s1Hz.ltsa,2/3/2023 11:55,UF,Other,8/20/2021 10:38:05.5,8/20/2021 12:56:35.5,,,,,,,HF sunrise,,
\\frosty.ucsd.edu\SanctSound_Decimated_4\CI\CI01_08\CI01_08_df24\SanctSound_CI01_08_df24_5s1Hz.ltsa,2/3/2023 11:55,UF,Other,8/21/2021 2:49:00.5,8/21/2021 4:13:50.5,,,,,,,Bocaccio sunset,,
\\frosty.ucsd.edu\SanctSound_Decimated_4\CI\CI01_08\CI01_08_df24\SanctSound_CI01_08_df24_5s1Hz.ltsa,2/3/2023 11:56,UF,Other,8/21/2021 2:49:00.5,8/21/2021 3:24:40.5,,,,,,,HF sunset,,
\\frosty.ucsd.edu\SanctSound_Decimated_4\CI\CI01_08\CI01_08_df24\SanctSound_CI01_08_df24_5s1Hz.ltsa,2/3/2023 11:56,UF,Other,8/21/2021 3:17:15.5,8/21/2021 5:25:20.5,,,,,,,Midshipman,,
\\frosty.ucsd.edu\SanctSound_Decimated_4\CI\CI01_08\CI01_08_df24\SanctSound_CI01_08_df24_5s1Hz.ltsa,2/3/2023 11:56,UF,Other,8/21/2021 9:08:36.5,8/21/2021 12:38:36.5,,,,,,,Midshipman,,
\\frosty.ucsd.edu\SanctSound_Decimated_4\CI\CI01_08\CI01_08_df24\SanctSound_CI01_08_df24_5s1Hz.ltsa,2/3/2023 11:56,UF,Other,8/21/2021 11:30:06.5,8/21/2021 13:03:54.5,,,,,,,HF sunrise,,
\\frosty.ucsd.edu\SanctSound_Decimated_4\CI\CI01_08\CI01_08_df24\SanctSound_CI01_08_df24_5s1Hz.ltsa,2/3/2023 11:56,UF,Other,8/21/2021 11:39:01.5,8/21/2021 12:44:31.5,,,,,,,Bocaccio sunrise,,
\\frosty.ucsd.edu\SanctSound_Decimated_4\CI\CI01_08\CI01_08_df24\SanctSound_CI01_08_df24_5s1Hz.ltsa,2/3/2023 11:56,UF,Other,8/22/2021 2:51:50.5,8/22/2021 4:01:50.5,,,,,,,Bocaccio sunset,,
\\frosty.ucsd.edu\SanctSound_Decimated_4\CI\CI01_08\CI01_08_df24\SanctSound_CI01_08_df24_5s1Hz.ltsa,2/3/2023 11:56,UF,Other,8/22/2021 2:56:20.5,8/22/2021 3:36:30.5,,,,,,,HF sunset,,
\\frosty.ucsd.edu\SanctSound_Decimated_4\CI\CI01_08\CI01_08_df24\SanctSound_CI01_08_df24_5s1Hz.ltsa,2/3/2023 11:56,UF,Other,8/22/2021 3:09:45.5,8/22/2021 6:12:55.5,,,,,,,Midshipman,,
\\frosty.ucsd.edu\SanctSound_Decimated_4\CI\CI01_08\CI01_08_df24\SanctSound_CI01_08_df24_5s1Hz.ltsa,2/3/2023 11:57,UF,Other,8/22/2021 11:10:43.5,8/22/2021 12:47:28.5,,,,,,,Bocaccio sunrise,,
\\frosty.ucsd.edu\SanctSound_Decimated_4\CI\CI01_08\CI01_08_df24\SanctSound_CI01_08_df24_5s1Hz.ltsa,2/3/2023 11:57,UF,Other,8/22/2021 11:12:08.5,8/22/2021 12:37:03.5,,,,,,,Midshipman sunrise,,
\\frosty.ucsd.edu\SanctSound_Decimated_4\CI\CI01_08\CI01_08_df24\SanctSound_CI01_08_df24_5s1Hz.ltsa,2/3/2023 11:57,UF,Other,8/22/2021 11:47:53.5,8/22/2021 13:06:46.5,,,,,,,HF sunrise,,
\\frosty.ucsd.edu\SanctSound_Decimated_4\CI\CI01_08\CI01_08_df24\SanctSound_CI01_08_df24_5s1Hz.ltsa,2/3/2023 11:58,UF,Other,8/23/2021 2:41:22.5,8/23/2021 3:45:27.5,,,,,,,Bocaccio sunset,,
\\frosty.ucsd.edu\SanctSound_Decimated_4\CI\CI01_08\CI01_08_df24\SanctSound_CI01_08_df24_5s1Hz.ltsa,2/3/2023 11:58,UF,Other,8/23/2021 2:50:17.5,8/23/2021 3:27:32.5,,,,,,,HF sunset,,
\\frosty.ucsd.edu\SanctSound_Decimated_4\CI\CI01_08\CI01_08_df24\SanctSound_CI01_08_df24_5s1Hz.ltsa,2/3/2023 11:58,UF,Other,8/23/2021 2:59:17.5,8/23/2021 6:17:17.5,,,,,,,Midshipman,,
\\frosty.ucsd.edu\SanctSound_Decimated_4\CI\CI01_08\CI01_08_df24\SanctSound_CI01_08_df24_5s1Hz.ltsa,2/3/2023 11:58,UF,Other,8/23/2021 10:49:44.5,8/23/2021 13:08:12.5,,,,,,,Midshipman,,
\\frosty.ucsd.edu\SanctSound_Decimated_4\CI\CI01_08\CI01_08_df24\SanctSound_CI01_08_df24_5s1Hz.ltsa,2/3/2023 11:58,UF,Other,8/23/2021 11:12:04.5,8/23/2021 13:03:47.5,,,,,,,Bocaccio sunrise,,
\\frosty.ucsd.edu\SanctSound_Decimated_4\CI\CI01_08\CI01_08_df24\SanctSound_CI01_08_df24_5s1Hz.ltsa,2/3/2023 11:59,UF,Other,8/23/2021 10:21:29.5,8/23/2021 12:59:19.5,,,,,,,HF sunrise,,
\\frosty.ucsd.edu\SanctSound_Decimated_4\CI\CI01_08\CI01_08_df24\SanctSound_CI01_08_df24_5s1Hz.ltsa,2/3/2023 12:00,UF,Other,8/24/2021 2:48:43.5,8/24/2021 4:50:48.5,,,,,,,Bocaccio sunset,,
\\frosty.ucsd.edu\SanctSound_Decimated_4\CI\CI01_08\CI01_08_df24\SanctSound_CI01_08_df24_5s1Hz.ltsa,2/3/2023 12:00,UF,Other,8/24/2021 2:41:13.5,8/24/2021 3:28:53.5,,,,,,,HF sunset,,
\\frosty.ucsd.edu\SanctSound_Decimated_4\CI\CI01_08\CI01_08_df24\SanctSound_CI01_08_df24_5s1Hz.ltsa,2/3/2023 12:00,UF,Other,8/24/2021 3:09:33.5,8/24/2021 7:34:35.5,,,,,,,Midshipman,,
\\frosty.ucsd.edu\SanctSound_Decimated_4\CI\CI01_08\CI01_08_df24\SanctSound_CI01_08_df24_5s1Hz.ltsa,2/3/2023 12:00,UF,Other,8/24/2021 11:19:25.5,8/24/2021 13:03:38.5,,,,,,,Bocaccio sunrise,,
\\frosty.ucsd.edu\SanctSound_Decimated_4\CI\CI01_08\CI01_08_df24\SanctSound_CI01_08_df24_5s1Hz.ltsa,2/3/2023 12:00,UF,Other,8/24/2021 11:03:00.5,8/24/2021 13:14:03.5,,,,,,,HF sunrise,,
\\frosty.ucsd.edu\SanctSound_Decimated_4\CI\CI01_08\CI01_08_df24\SanctSound_CI01_08_df24_5s1Hz.ltsa,2/3/2023 12:00,UF,Other,8/25/2021 2:44:03.5,8/25/2021 3:57:03.5,,,,,,,Bocaccio sunset,,
\\frosty.ucsd.edu\SanctSound_Decimated_4\CI\CI01_08\CI01_08_df24\SanctSound_CI01_08_df24_5s1Hz.ltsa,2/3/2023 12:00,UF,Other,8/25/2021 2:41:03.5,8/25/2021 3:24:13.5,,,,,,,HF sunset,,
\\frosty.ucsd.edu\SanctSound_Decimated_4\CI\CI01_08\CI01_08_df24\SanctSound_CI01_08_df24_5s1Hz.ltsa,2/3/2023 12:00,UF,Other,8/25/2021 3:06:23.5,8/25/2021 8:08:40.5,,,,,,,Midshipman,,
\\frosty.ucsd.edu\SanctSound_Decimated_4\CI\CI01_08\CI01_08_df24\SanctSound_CI01_08_df24_5s1Hz.ltsa,2/3/2023 12:01,UF,Other,8/25/2021 10:58:25.5,8/25/2021 12:59:00.5,,,,,,,Bocaccio sunrise,,
\\frosty.ucsd.edu\SanctSound_Decimated_4\CI\CI01_08\CI01_08_df24\SanctSound_CI01_08_df24_5s1Hz.ltsa,2/3/2023 12:01,UF,Other,8/25/2021 11:41:35.5,8/25/2021 12:56:00.5,,,,,,,HF sunrise,,
\\frosty.ucsd.edu\SanctSound_Decimated_4\CI\CI01_08\CI01_08_df24\SanctSound_CI01_08_df24_5s1Hz.ltsa,2/3/2023 12:01,UF,Other,8/26/2021 2:54:18.5,8/26/2021 4:07:18.5,,,,,,,Bocaccio sunset,,
\\frosty.ucsd.edu\SanctSound_Decimated_4\CI\CI01_08\CI01_08_df24\SanctSound_CI01_08_df24_5s1Hz.ltsa,2/3/2023 12:01,UF,Other,8/26/2021 2:42:23.5,8/26/2021 3:19:38.5,,,,,,,HF sunset,,
\\frosty.ucsd.edu\SanctSound_Decimated_4\CI\CI01_08\CI01_08_df24\SanctSound_CI01_08_df24_5s1Hz.ltsa,2/3/2023 12:01,UF,Other,8/26/2021 3:00:13.5,8/26/2021 8:18:56.5,,,,,,,Midshipman,,
\\frosty.ucsd.edu\SanctSound_Decimated_4\CI\CI01_08\CI01_08_df24\SanctSound_CI01_08_df24_5s1Hz.ltsa,2/3/2023 12:01,UF,Other,8/26/2021 11:17:36.5,8/26/2021 13:04:49.5,,,,,,,HF sunrise,,
\\frosty.ucsd.edu\SanctSound_Decimated_4\CI\CI01_08\CI01_08_df24\SanctSound_CI01_08_df24_5s1Hz.ltsa,2/3/2023 12:02,UF,Other,8/27/2021 2:43:44.5,8/27/2021 3:20:59.5,,,,,,,Bocaccio sunset,,
\\frosty.ucsd.edu\SanctSound_Decimated_4\CI\CI01_08\CI01_08_df24\SanctSound_CI01_08_df24_5s1Hz.ltsa,2/3/2023 12:02,UF,Other,8/27/2021 2:46:44.5,8/27/2021 3:31:24.5,,,,,,,HF sunset,,
\\frosty.ucsd.edu\SanctSound_Decimated_4\CI\CI01_08\CI01_08_df24\SanctSound_CI01_08_df24_5s1Hz.ltsa,2/3/2023 12:02,UF,Other,8/27/2021 3:16:29.5,8/27/2021 9:01:56.5,,,,,,,Midshipman,,
\\frosty.ucsd.edu\SanctSound_Decimated_4\CI\CI01_08\CI01_08_df24\SanctSound_CI01_08_df24_5s1Hz.ltsa,2/3/2023 12:02,UF,Other,8/28/2021 2:33:10.5,8/28/2021 3:26:45.5,,,,,,,HF sunset,,
\\frosty.ucsd.edu\SanctSound_Decimated_4\CI\CI01_08\CI01_08_df24\SanctSound_CI01_08_df24_5s1Hz.ltsa,2/3/2023 12:02,UF,Other,8/28/2021 3:10:25.5,8/28/2021 4:01:00.5,,,,,,,Bocaccio sunset,,
\\frosty.ucsd.edu\SanctSound_Decimated_4\CI\CI01_08\CI01_08_df24\SanctSound_CI01_08_df24_5s1Hz.ltsa,2/3/2023 12:02,UF,Other,8/28/2021 3:32:45.5,8/28/2021 8:27:33.5,,,,,,,Midshipman,,
\\frosty.ucsd.edu\SanctSound_Decimated_4\CI\CI01_08\CI01_08_df24\SanctSound_CI01_08_df24_5s1Hz.ltsa,2/3/2023 12:02,UF,Other,8/29/2021 2:46:28.5,8/29/2021 3:53:28.5,,,,,,,Bocaccio sunset,,
\\frosty.ucsd.edu\SanctSound_Decimated_4\CI\CI01_08\CI01_08_df24\SanctSound_CI01_08_df24_5s1Hz.ltsa,2/3/2023 12:03,UF,Other,8/29/2021 2:46:28.5,8/29/2021 3:26:38.5,,,,,,,HF sunset,,
\\frosty.ucsd.edu\SanctSound_Decimated_4\CI\CI01_08\CI01_08_df24\SanctSound_CI01_08_df24_5s1Hz.ltsa,2/3/2023 12:03,UF,Other,8/29/2021 3:08:48.5,8/29/2021 10:22:05.5,,,,,,,Midshipman,,
\\frosty.ucsd.edu\SanctSound_Decimated_4\CI\CI01_08\CI01_08_df24\SanctSound_CI01_08_df24_5s1Hz.ltsa,2/3/2023 12:03,UF,Other,8/30/2021 3:26:28.5,8/30/2021 10:23:25.5,,,,,,,Midshipman,,
\\frosty.ucsd.edu\SanctSound_Decimated_4\CI\CI01_08\CI01_08_df24\SanctSound_CI01_08_df24_5s1Hz.ltsa,2/3/2023 12:03,UF,Other,8/31/2021 2:32:47.5,8/31/2021 3:26:22.5,,,,,,,Bocaccio sunset,,
\\frosty.ucsd.edu\SanctSound_Decimated_4\CI\CI01_08\CI01_08_df24\SanctSound_CI01_08_df24_5s1Hz.ltsa,2/3/2023 12:03,UF,Other,8/31/2021 2:32:47.5,8/31/2021 3:17:27.5,,,,,,,HF sunset,,
\\frosty.ucsd.edu\SanctSound_Decimated_4\CI\CI01_08\CI01_08_df24\SanctSound_CI01_08_df24_5s1Hz.ltsa,2/3/2023 12:03,UF,Other,8/30/2021 2:18:03.5,8/30/2021 3:22:08.5,,,,,,,Noise,,
\\frosty.ucsd.edu\SanctSound_Decimated_4\CI\CI01_08\CI01_08_df24\SanctSound_CI01_08_df24_5s1Hz.ltsa,2/3/2023 12:03,UF,Other,8/31/2021 2:32:52.5,8/31/2021 3:17:32.5,,,,,,,HF sunset,,
\\frosty.ucsd.edu\SanctSound_Decimated_4\CI\CI01_08\CI01_08_df24\SanctSound_CI01_08_df24_5s1Hz.ltsa,2/3/2023 12:04,UF,Other,8/31/2021 3:13:02.5,8/31/2021 10:50:06.5,,,,,,,Midshipman,,
\\frosty.ucsd.edu\SanctSound_Decimated_4\CI\CI01_08\CI01_08_df24\SanctSound_CI01_08_df24_5s1Hz.ltsa,2/3/2023 12:04,UF,Other,8/31/2021 11:43:46.5,8/31/2021 13:02:39.5,,,,,,,HF sunrise,,
\\frosty.ucsd.edu\SanctSound_Decimated_4\CI\CI01_08\CI01_08_df24\SanctSound_CI01_08_df24_5s1Hz.ltsa,2/3/2023 12:04,UF,Other,9/1/2021 2:41:40.5,9/1/2021 3:32:20.5,,,,,,,Bocaccio sunset,,
\\frosty.ucsd.edu\SanctSound_Decimated_4\CI\CI01_08\CI01_08_df24\SanctSound_CI01_08_df24_5s1Hz.ltsa,2/3/2023 12:04,UF,Other,9/1/2021 2:40:10.5,9/1/2021 3:26:20.5,,,,,,,HF sunset,,
\\frosty.ucsd.edu\SanctSound_Decimated_4\CI\CI01_08\CI01_08_df24\SanctSound_CI01_08_df24_5s1Hz.ltsa,2/3/2023 12:04,UF,Other,9/1/2021 3:01:00.5,9/1/2021 11:13:53.5,,,,,,,Midshipman,,
\\frosty.ucsd.edu\SanctSound_Decimated_4\CI\CI01_08\CI01_08_df24\SanctSound_CI01_08_df24_5s1Hz.ltsa,2/3/2023 12:04,UF,Other,9/1/2021 11:37:43.5,9/1/2021 13:01:07.5,,,,,,,HF sunrise,,
\\frosty.ucsd.edu\SanctSound_Decimated_4\CI\CI01_08\CI01_08_df24\SanctSound_CI01_08_df24_5s1Hz.ltsa,2/3/2023 12:04,UF,Other,9/2/2021 2:40:07.5,9/2/2021 3:42:42.5,,,,,,,Bocaccio sunset,,
\\frosty.ucsd.edu\SanctSound_Decimated_4\CI\CI01_08\CI01_08_df24\SanctSound_CI01_08_df24_5s1Hz.ltsa,2/3/2023 12:04,UF,Other,9/2/2021 2:40:07.5,9/2/2021 3:27:47.5,,,,,,,HF sunset,,
\\frosty.ucsd.edu\SanctSound_Decimated_4\CI\CI01_08\CI01_08_df24\SanctSound_CI01_08_df24_5s1Hz.ltsa,2/3/2023 12:04,UF,Other,9/2/2021 3:17:22.5,9/2/2021 11:04:55.5,,,,,,,Midshipman,,
\\frosty.ucsd.edu\SanctSound_Decimated_4\CI\CI01_08\CI01_08_df24\SanctSound_CI01_08_df24_5s1Hz.ltsa,2/3/2023 12:05,UF,Other,9/3/2021 2:48:58.5,9/3/2021 3:54:33.5,,,,,,,Bocaccio sunset,,
\\frosty.ucsd.edu\SanctSound_Decimated_4\CI\CI01_08\CI01_08_df24\SanctSound_CI01_08_df24_5s1Hz.ltsa,2/3/2023 12:05,UF,Other,9/3/2021 2:41:33.5,9/3/2021 3:21:48.5,,,,,,,HF sunset,,
\\frosty.ucsd.edu\SanctSound_Decimated_4\CI\CI01_08\CI01_08_df24\SanctSound_CI01_08_df24_5s1Hz.ltsa,2/3/2023 12:05,UF,Other,9/3/2021 3:09:53.5,9/3/2021 11:42:07.5,,,,,,,Midshipman,,
\\frosty.ucsd.edu\SanctSound_Decimated_4\CI\CI01_08\CI01_08_df24\SanctSound_CI01_08_df24_5s1Hz.ltsa,2/3/2023 12:05,UF,Other,9/4/2021 3:17:11.5,9/4/2021 11:53:54.5,,,,,,,Midshipman,,
\\frosty.ucsd.edu\SanctSound_Decimated_4\CI\CI01_08\CI01_08_df24\SanctSound_CI01_08_df24_5s1Hz.ltsa,2/3/2023 12:05,UF,Other,9/5/2021 2:44:23.5,9/5/2021 3:40:58.5,,,,,,,Bocaccio sunset,,
\\frosty.ucsd.edu\SanctSound_Decimated_4\CI\CI01_08\CI01_08_df24\SanctSound_CI01_08_df24_5s1Hz.ltsa,2/3/2023 12:05,UF,Other,9/5/2021 2:42:53.5,9/5/2021 3:15:38.5,,,,,,,HF sunset,,
\\frosty.ucsd.edu\SanctSound_Decimated_4\CI\CI01_08\CI01_08_df24\SanctSound_CI01_08_df24_5s1Hz.ltsa,2/3/2023 12:05,UF,Other,9/5/2021 3:24:33.5,9/5/2021 12:20:36.5,,,,,,,Midshipman,,
\\frosty.ucsd.edu\SanctSound_Decimated_4\CI\CI01_08\CI01_08_df24\SanctSound_CI01_08_df24_5s1Hz.ltsa,2/3/2023 12:05,UF,Other,9/6/2021 3:00:41.5,9/6/2021 11:59:45.5,,,,,,,Midshipman,,
\\frosty.ucsd.edu\SanctSound_Decimated_4\CI\CI01_08\CI01_08_df24\SanctSound_CI01_08_df24_5s1Hz.ltsa,2/3/2023 12:05,UF,Other,9/7/2021 2:32:23.5,9/7/2021 3:37:53.5,,,,,,,Bocaccio sunset,,
\\frosty.ucsd.edu\SanctSound_Decimated_4\CI\CI01_08\CI01_08_df24\SanctSound_CI01_08_df24_5s1Hz.ltsa,2/3/2023 12:06,UF,Other,9/7/2021 2:41:18.5,9/7/2021 3:15:33.5,,,,,,,HF sunset,,
\\frosty.ucsd.edu\SanctSound_Decimated_4\CI\CI01_08\CI01_08_df24\SanctSound_CI01_08_df24_5s1Hz.ltsa,2/3/2023 12:06,UF,Other,9/7/2021 2:57:43.5,9/7/2021 11:56:41.5,,,,,,,Midshipman,,
\\frosty.ucsd.edu\SanctSound_Decimated_4\CI\CI01_08\CI01_08_df24\SanctSound_CI01_08_df24_5s1Hz.ltsa,2/3/2023 12:06,UF,Other,9/8/2021 2:26:19.5,9/8/2021 3:25:54.5,,,,,,,Bocaccio sunset,,
\\frosty.ucsd.edu\SanctSound_Decimated_4\CI\CI01_08\CI01_08_df24\SanctSound_CI01_08_df24_5s1Hz.ltsa,2/3/2023 12:06,UF,Other,9/8/2021 2:41:14.5,9/8/2021 3:13:59.5,,,,,,,HF sunset,,
\\frosty.ucsd.edu\SanctSound_Decimated_4\CI\CI01_08\CI01_08_df24\SanctSound_CI01_08_df24_5s1Hz.ltsa,2/3/2023 12:06,UF,Other,9/8/2021 3:09:34.5,9/8/2021 11:40:17.5,,,,,,,Midshipman,,
\\frosty.ucsd.edu\SanctSound_Decimated_4\CI\CI01_08\CI01_08_df24\SanctSound_CI01_08_df24_5s1Hz.ltsa,2/3/2023 12:06,UF,Other,9/9/2021 2:18:49.5,9/9/2021 3:21:24.5,,,,,,,Bocaccio sunset,,
\\frosty.ucsd.edu\SanctSound_Decimated_4\CI\CI01_08\CI01_08_df24\SanctSound_CI01_08_df24_5s1Hz.ltsa,2/3/2023 12:06,UF,Other,9/9/2021 2:20:19.5,9/9/2021 3:10:54.5,,,,,,,HF sunset,,
\\frosty.ucsd.edu\SanctSound_Decimated_4\CI\CI01_08\CI01_08_df24\SanctSound_CI01_08_df24_5s1Hz.ltsa,2/3/2023 12:06,UF,Other,9/9/2021 2:56:04.5,9/9/2021 11:17:52.5,,,,,,,Midshipman,,
\\frosty.ucsd.edu\SanctSound_Decimated_4\CI\CI01_08\CI01_08_df24\SanctSound_CI01_08_df24_5s1Hz.ltsa,2/3/2023 12:06,UF,Other,9/10/2021 2:32:10.5,9/10/2021 3:21:20.5,,,,,,,Bocaccio sunset,,
\\frosty.ucsd.edu\SanctSound_Decimated_4\CI\CI01_08\CI01_08_df24\SanctSound_CI01_08_df24_5s1Hz.ltsa,2/3/2023 12:07,UF,Other,9/10/2021 2:17:15.5,9/10/2021 3:00:25.5,,,,,,,HF sunset,,
\\frosty.ucsd.edu\SanctSound_Decimated_4\CI\CI01_08\CI01_08_df24\SanctSound_CI01_08_df24_5s1Hz.ltsa,2/3/2023 12:07,UF,Other,9/10/2021 2:45:35.5,9/10/2021 12:03:58.5,,,,,,,Midshipman,,
\\frosty.ucsd.edu\SanctSound_Decimated_4\CI\CI01_08\CI01_08_df24\SanctSound_CI01_08_df24_5s1Hz.ltsa,2/3/2023 12:07,UF,Other,9/11/2021 2:25:56.5,9/11/2021 3:31:31.5,,,,,,,Bocaccio sunset,,
\\frosty.ucsd.edu\SanctSound_Decimated_4\CI\CI01_08\CI01_08_df24\SanctSound_CI01_08_df24_5s1Hz.ltsa,2/3/2023 12:07,UF,Other,9/11/2021 2:24:31.5,9/11/2021 3:06:11.5,,,,,,,HF sunset,,
\\frosty.ucsd.edu\SanctSound_Decimated_4\CI\CI01_08\CI01_08_df24\SanctSound_CI01_08_df24_5s1Hz.ltsa,2/3/2023 12:07,UF,Other,9/11/2021 2:55:46.5,9/11/2021 12:36:29.5,,,,,,,Midshipman,,
